start_free_XBT,0.01640851
start_free_XBT,0.01640851
time,2018-07-06 01:09:19.508287,free XBT,0.01640671,reward,-1.7999999999997185e-06
time,2018-07-06 01:09:30.069115,free XBT,0.01640671,reward,-1.7999999999997185e-06
time,2018-07-06 01:09:39.706401,free XBT,0.01640672,reward,-1.7900000000015126e-06
time,2018-07-06 01:09:52.533434,free XBT,0.01640828,reward,-2.300000000003688e-07
time,2018-07-06 01:10:01.922899,free XBT,0.01640828,reward,-2.300000000003688e-07
time,2018-07-06 01:10:13.298765,free XBT,0.01640828,reward,-2.300000000003688e-07
time,2018-07-06 01:10:25.233623,free XBT,0.01640653,reward,-1.980000000002119e-06
time,2018-07-06 01:10:38.327189,free XBT,0.0164048,reward,-3.7100000000005184e-06
time,2018-07-06 01:10:52.017269,free XBT,0.0164063,reward,-2.2100000000024878e-06
time,2018-07-06 01:11:04.751999,free XBT,0.0164063,reward,-2.2100000000024878e-06
time,2018-07-06 01:11:16.212181,free XBT,0.0164063,reward,-2.2100000000024878e-06
time,2018-07-06 01:11:25.985661,free XBT,0.0164063,reward,-2.2100000000024878e-06
time,2018-07-06 01:11:41.152789,free XBT,0.01640457,reward,-3.940000000000887e-06
time,2018-07-06 01:11:55.487357,free XBT,0.01640283,reward,-5.680000000000962e-06
time,2018-07-06 01:12:07.310284,free XBT,0.01640094,reward,-7.570000000001881e-06
time,2018-07-06 01:12:20.254782,free XBT,0.01639921,reward,-9.30000000000028e-06
time,2018-07-06 01:12:33.223234,free XBT,0.01639709,reward,-1.1420000000001568e-05
time,2018-07-06 01:12:45.051606,free XBT,0.01639536,reward,-1.3149999999999967e-05
time,2018-07-06 01:12:56.204137,free XBT,0.01639393,reward,-1.4580000000000148e-05
time,2018-07-06 01:13:09.499792,free XBT,0.01639228,reward,-1.6230000000002492e-05
time,2018-07-06 01:13:20.108688,free XBT,0.01639052,reward,-1.799000000000245e-05
time,2018-07-06 01:13:34.351754,free XBT,0.01638879,reward,-1.9720000000000848e-05
time,2018-07-06 01:13:45.624872,free XBT,0.01638705,reward,-2.1460000000000923e-05
time,2018-07-06 01:13:56.339268,free XBT,0.01638506,reward,-2.3450000000001248e-05
time,2018-07-06 01:14:06.924089,free XBT,0.01638341,reward,-2.5100000000000122e-05
time,2018-07-06 01:14:17.694866,free XBT,0.01638164,reward,-2.6870000000001754e-05
time,2018-07-06 01:14:28.432507,free XBT,0.01637986,reward,-2.865000000000159e-05
time,2018-07-06 01:14:40.190157,free XBT,0.01637814,reward,-3.0370000000001784e-05
time,2018-07-06 01:14:50.746912,free XBT,0.01637632,reward,-3.2190000000001384e-05
time,2018-07-06 01:15:01.941950,free XBT,0.01637493,reward,-3.35800000000018e-05
time,2018-07-06 01:15:13.843059,free XBT,0.016372770000000002,reward,-3.573999999999938e-05
time,2018-07-06 01:15:24.934277,free XBT,0.01637124,reward,-3.727000000000244e-05
time,2018-07-06 01:15:35.321742,free XBT,0.016369270000000002,reward,-3.9239999999999414e-05
time,2018-07-06 01:15:45.553098,free XBT,0.01636768,reward,-4.0830000000002115e-05
time,2018-07-06 01:15:55.979998,free XBT,0.01636595,reward,-4.2560000000000514e-05
time,2018-07-06 01:16:07.209517,free XBT,0.01636419,reward,-4.432000000000047e-05
time,2018-07-06 01:16:17.434138,free XBT,0.01636295,reward,-4.5560000000000045e-05
time,2018-07-06 01:16:28.980920,free XBT,0.01636062,reward,-4.789000000000182e-05
time,2018-07-06 01:16:40.064531,free XBT,0.01635916,reward,-4.935000000000009e-05
time,2018-07-06 01:16:50.965815,free XBT,0.01635738,reward,-5.1129999999999926e-05
time,2018-07-06 01:17:01.910017,free XBT,0.01635601,reward,-5.250000000000046e-05
time,2018-07-06 01:17:16.915901,free XBT,0.0163536,reward,-5.491000000000176e-05
start_free_XBT,0.01639825
start_free_XBT,0.01639797
time,2018-07-06 01:27:12.603687,free XBT,0.01639622,reward,-1.7500000000017502
time,2018-07-06 01:27:22.973124,free XBT,0.01639622,reward,-1.7500000000017502
time,2018-07-06 01:27:33.162931,free XBT,0.01639622,reward,-1.7500000000017502
time,2018-07-06 01:27:44.177204,free XBT,0.01639774,reward,-0.2300000000003688
time,2018-07-06 01:27:54.280519,free XBT,0.01639774,reward,-0.2300000000003688
time,2018-07-06 01:28:04.451507,free XBT,0.01639774,reward,-0.2300000000003688
time,2018-07-06 01:28:15.725702,free XBT,0.01639599,reward,-1.980000000002119
time,2018-07-06 01:28:27.930289,free XBT,0.01639414,reward,-3.8299999999998056
time,2018-07-06 01:28:38.806294,free XBT,0.01639564,reward,-2.330000000001775
time,2018-07-06 01:28:50.902560,free XBT,0.01639568,reward,-2.2900000000020126
time,2018-07-06 01:29:01.293669,free XBT,0.01639571,reward,-2.2600000000004563
time,2018-07-06 01:29:10.599729,free XBT,0.01639571,reward,-2.2600000000004563
time,2018-07-06 01:29:23.604839,free XBT,0.01639391,reward,-4.060000000000175
time,2018-07-06 01:29:35.041990,free XBT,0.01639214,reward,-5.830000000001806
time,2018-07-06 01:29:46.350029,free XBT,0.016390250000000002,reward,-7.7199999999992555
time,2018-07-06 01:29:57.764719,free XBT,0.01638826,reward,-9.70999999999958
time,2018-07-06 01:30:09.465871,free XBT,0.01638654,reward,-11.429999999999774
time,2018-07-06 01:30:25.423611,free XBT,0.016385010000000002,reward,-12.959999999999361
time,2018-07-06 01:30:36.444676,free XBT,0.0163833,reward,-14.670000000001348
time,2018-07-06 01:30:47.403879,free XBT,0.016381220000000002,reward,-16.749999999999403
time,2018-07-06 01:30:58.936225,free XBT,0.0163795,reward,-18.469999999999597
time,2018-07-06 01:31:13.254690,free XBT,0.016376850000000002,reward,-21.11999999999947
time,2018-07-06 01:31:28.823941,free XBT,0.01637609,reward,-21.8800000000019
time,2018-07-06 01:31:41.271729,free XBT,0.01637399,reward,-23.979999999999833
time,2018-07-06 01:31:53.361288,free XBT,0.01637212,reward,-25.850000000000872
start_total_XBT,0.01639366
time,2018-07-06 01:40:27.246090,free XBT,0.01639191,reward,-0.09000000000120023
time,2018-07-06 01:40:36.387717,free XBT,0.01639191,reward,-0.11000000000108145
time,2018-07-06 01:40:46.162015,free XBT,0.01639191,reward,-0.11000000000108145
time,2018-07-06 01:40:57.235896,free XBT,0.01639342,reward,-0.24000000000204413
time,2018-07-06 01:41:08.078841,free XBT,0.01639342,reward,-0.24000000000204413
time,2018-07-06 01:41:16.952049,free XBT,0.01639342,reward,-0.24000000000204413
time,2018-07-06 01:41:28.299632,free XBT,0.01639167,reward,-0.3000000000016878
time,2018-07-06 01:41:40.063941,free XBT,0.01638982,reward,-0.6999999999993123
time,2018-07-06 01:41:50.789643,free XBT,0.01639138,reward,-0.6999999999993123
time,2018-07-06 01:42:00.299178,free XBT,0.01639138,reward,-0.6999999999993123
time,2018-07-06 01:42:09.598468,free XBT,0.01639138,reward,-0.6999999999993123
time,2018-07-06 01:42:18.476250,free XBT,0.01639135,reward,-0.6599999999995498
time,2018-07-06 01:42:31.337514,free XBT,0.01638959,reward,-0.8000000000021878
time,2018-07-06 01:42:41.735228,free XBT,0.01638771,reward,-1.0499999999989684
time,2018-07-06 01:42:53.833126,free XBT,0.01638599,reward,-1.2199999999996936
time,2018-07-06 01:43:04.851460,free XBT,0.01638424,reward,-1.3900000000004187
time,2018-07-06 01:43:17.263824,free XBT,0.01638244,reward,-1.5000000000015001
time,2018-07-06 01:43:29.765598,free XBT,0.01638031,reward,-1.939999999998887
time,2018-07-06 01:43:40.518040,free XBT,0.01637852,reward,-2.2200000000006934
time,2018-07-06 01:43:51.658113,free XBT,0.01637694,reward,-2.0699999999998497
time,2018-07-06 01:44:03.214775,free XBT,0.01637539,reward,-1.9900000000003248
time,2018-07-06 01:44:15.319488,free XBT,0.01637408,reward,-0.9699999999994435
time,2018-07-06 01:44:26.607642,free XBT,0.01637234,reward,-1.0499999999989684
time,2018-07-06 01:44:37.038063,free XBT,0.0163702,reward,-2.3000000000002183
time,2018-07-06 01:44:47.378394,free XBT,0.01636887,reward,-0.36999999999953737
time,2018-07-06 01:44:57.918225,free XBT,0.01636714,reward,-1.8900000000009187
time,2018-07-06 01:45:13.855928,free XBT,0.01636539,reward,-1.2100000000014877
time,2018-07-06 01:45:25.101383,free XBT,0.01636366,reward,-1.2799999999993372
time,2018-07-06 01:45:36.423124,free XBT,0.016361920000000002,reward,-2.25000000000225
time,2018-07-06 01:45:47.556762,free XBT,0.01635925,reward,-3.490000000001825
time,2018-07-06 01:46:00.639633,free XBT,0.0163559,reward,-5.210000000002019
time,2018-07-06 01:46:12.502674,free XBT,0.01635449,reward,-4.989999999999855
time,2018-07-06 01:46:23.451810,free XBT,0.01635335,reward,-4.509999999999237
time,2018-07-06 01:46:35.142069,free XBT,0.01635074,reward,-5.580000000001556
time,2018-07-06 01:46:45.884782,free XBT,0.01634915,reward,-5.530000000000118
time,2018-07-06 01:46:57.841223,free XBT,0.01634777,reward,-5.210000000002019
time,2018-07-06 01:47:09.057345,free XBT,0.01634604,reward,-5.370000000001069
time,2018-07-06 01:47:20.284795,free XBT,0.01634399,reward,-5.800000000000249
time,2018-07-06 01:47:31.558496,free XBT,0.01634242,reward,-5.689999999999168
time,2018-07-06 01:47:42.998307,free XBT,0.01633946,reward,-7.010000000001737
time,2018-07-06 01:47:54.720991,free XBT,0.016338890000000002,reward,-6.010000000000737
time,2018-07-06 01:48:06.146096,free XBT,0.0163359,reward,-7.4099999999993615
time,2018-07-06 01:48:16.671869,free XBT,0.01633366,reward,-7.929999999999743
time,2018-07-06 01:48:28.414191,free XBT,0.01633161,reward,-8.460000000001799
time,2018-07-06 01:48:40.988201,free XBT,0.01632911,reward,-9.320000000000162
time,2018-07-06 01:48:52.016646,free XBT,0.01632728,reward,-9.499999999999092
time,2018-07-06 01:49:04.144374,free XBT,0.01632555,reward,-9.680000000001494
time,2018-07-06 01:49:15.140940,free XBT,0.01632295,reward,-10.599999999999499
time,2018-07-06 01:49:28.762735,free XBT,0.01632064,reward,-11.179999999999524
time,2018-07-06 01:49:42.801573,free XBT,0.016319590000000002,reward,-10.599999999999499
time,2018-07-06 01:49:58.712049,free XBT,0.01631224,reward,-16.3300000000019
time,2018-07-06 01:50:18.353834,free XBT,0.01631005,reward,-16.890000000002043
time,2018-07-06 01:50:29.176440,free XBT,0.0163079,reward,-17.46000000000039
time,2018-07-06 01:50:41.180436,free XBT,0.01630695,reward,-16.769999999999285
time,2018-07-06 01:50:59.437271,free XBT,0.01630853,reward,-13.53000000000118
time,2018-07-06 01:51:12.518293,free XBT,0.0163081,reward,-12.379999999999336
time,2018-07-06 01:51:23.857119,free XBT,0.01630637,reward,-12.550000000000061
time,2018-07-06 01:51:39.369491,free XBT,0.01630544,reward,-11.830000000000867
time,2018-07-06 01:51:56.043979,free XBT,0.01630549,reward,-10.160000000002112
time,2018-07-06 01:52:07.118411,free XBT,0.01630311,reward,-10.80000000000178
time,2018-07-06 01:52:17.466409,free XBT,0.016298820000000002,reward,-13.45999999999986
time,2018-07-06 01:52:28.732227,free XBT,0.016297100000000002,reward,-13.670000000000348
time,2018-07-06 01:52:39.127012,free XBT,0.01629535,reward,-13.880000000000836
time,2018-07-06 01:52:49.808847,free XBT,0.01629342,reward,-14.090000000001323
time,2018-07-06 01:52:59.993869,free XBT,0.01629317,reward,-12.680000000001023
time,2018-07-06 01:53:10.568057,free XBT,0.01629514,reward,-9.010000000000268
time,2018-07-06 01:53:21.497953,free XBT,0.01629341,reward,-9.12000000000135
time,2018-07-06 01:53:33.317266,free XBT,0.01628995,reward,-10.94000000000095
time,2018-07-06 01:53:44.686523,free XBT,0.01628709,reward,-12.240000000000167
time,2018-07-06 01:53:54.903332,free XBT,0.01628529,reward,-12.399999999999217
start_total_XBT,0.01637162
time,2018-07-06 02:05:45.712257,free XBT,0.01636812,reward,-0.2599999999984559
time,2018-07-06 02:05:55.315761,free XBT,0.016368070000000002,reward,-0.2599999999984559
time,2018-07-06 02:06:07.372173,free XBT,0.01636812,reward,-0.21999999999869346
time,2018-07-06 02:06:20.301239,free XBT,0.01637122,reward,-0.4000000000010939
time,2018-07-06 02:06:31.292493,free XBT,0.01637122,reward,-0.4000000000010939
time,2018-07-06 02:06:42.890355,free XBT,0.01637122,reward,-0.4000000000010939
time,2018-07-06 02:06:55.983661,free XBT,0.01636772,reward,-0.5800000000000249
time,2018-07-06 02:07:12.536097,free XBT,0.01636422,reward,-0.7199999999991935
time,2018-07-06 02:07:26.142325,free XBT,0.01636705,reward,-1.2799999999993372
time,2018-07-06 02:07:36.266700,free XBT,0.01636705,reward,-1.2799999999993372
time,2018-07-06 02:07:47.856743,free XBT,0.01636697,reward,-1.3599999999988621
time,2018-07-06 02:08:02.697423,free XBT,0.01636701,reward,-1.3199999999990997
time,2018-07-06 02:08:24.933852,free XBT,0.016363680000000002,reward,-1.2999999999992184
time,2018-07-06 02:08:38.244298,free XBT,0.01635999,reward,-1.7400000000000748
time,2018-07-06 02:08:51.377261,free XBT,0.0163565,reward,-1.8799999999992434
time,2018-07-06 02:09:03.523639,free XBT,0.01635321,reward,-1.7799999999998373
time,2018-07-06 02:09:20.102966,free XBT,0.01634972,reward,-2.2200000000006934
time,2018-07-06 02:09:31.164269,free XBT,0.01634623,reward,-1.9599999999987683
time,2018-07-06 02:09:48.686596,free XBT,0.016342370000000002,reward,-3.0599999999991745
time,2018-07-06 02:10:03.309087,free XBT,0.016338890000000002,reward,-3.1399999999986994
time,2018-07-06 02:10:16.992815,free XBT,0.016334480000000002,reward,-4.419999999998037
time,2018-07-06 02:10:27.759332,free XBT,0.01633119,reward,-4.419999999998037
time,2018-07-06 02:10:41.104955,free XBT,0.0163275,reward,-4.859999999998893
time,2018-07-06 02:10:58.319807,free XBT,0.016324,reward,-5.080000000001056
time,2018-07-06 02:11:10.511358,free XBT,0.01632179,reward,-4.060000000000175
time,2018-07-06 02:11:22.432669,free XBT,0.0163183,reward,-4.359999999998393
time,2018-07-06 02:11:32.592119,free XBT,0.01631481,reward,-4.660000000000081
time,2018-07-06 02:11:43.215464,free XBT,0.01631132,reward,-4.279999999998868
time,2018-07-06 02:11:54.099884,free XBT,0.01630783,reward,-4.899999999998656
time,2018-07-06 02:12:06.910552,free XBT,0.01630434,reward,-4.799999999999249
time,2018-07-06 02:12:17.147648,free XBT,0.01630085,reward,-5.080000000001056
time,2018-07-06 02:12:27.974924,free XBT,0.01629736,reward,-4.540000000000793
time,2018-07-06 02:12:41.909662,free XBT,0.01629388,reward,-3.599999999999437
time,2018-07-06 02:12:52.788602,free XBT,0.016290390000000002,reward,-3.460000000000268
time,2018-07-06 02:13:03.305307,free XBT,0.0162869,reward,-3.7599999999984868
time,2018-07-06 02:13:17.340809,free XBT,0.01628341,reward,-4.060000000000175
time,2018-07-06 02:13:31.535040,free XBT,0.01627992,reward,-4.379999999998274
time,2018-07-06 02:13:42.494803,free XBT,0.01627644,reward,-4.759999999999486
time,2018-07-06 02:13:53.142291,free XBT,0.01627295,reward,-5.1400000000007
time,2018-07-06 02:14:03.835249,free XBT,0.01626946,reward,-5.519999999998443
time,2018-07-06 02:14:17.332615,free XBT,0.01626597,reward,-4.719999999999724
time,2018-07-06 02:14:31.045052,free XBT,0.01626249,reward,-6.3400000000005114
time,2018-07-06 02:14:42.101930,free XBT,0.01625573,reward,-11.239999999999167
time,2018-07-06 02:14:52.792086,free XBT,0.0162552,reward,-8.499999999998092
time,2018-07-06 02:15:05.293402,free XBT,0.01625079,reward,-9.639999999998262
time,2018-07-06 02:15:16.652977,free XBT,0.01624854,reward,-8.720000000000255
time,2018-07-06 02:15:30.496048,free XBT,0.01624497,reward,-9.160000000001112
time,2018-07-06 02:15:41.428384,free XBT,0.016239820000000002,reward,-11.080000000000117
time,2018-07-06 02:15:52.085184,free XBT,0.01623201,reward,-15.359999999998985
time,2018-07-06 21:47:37.141377,free XBT,0.0163504,reward,0.0
time,2018-07-06 21:48:06.523814,free XBT,0.01635046,reward,-0.05000000000143778
time,2018-07-06 21:48:36.930660,free XBT,0.01635033,reward,-0.17000000000072513
time,2018-07-06 21:49:07.640969,free XBT,0.01635041,reward,-0.09999999999940612
time,2018-07-06 21:49:42.438057,free XBT,0.01635042,reward,-0.0799999999995249
time,2018-07-06 21:50:15.955419,free XBT,0.0163502,reward,-0.3000000000016878
time,2018-07-06 21:50:51.983884,free XBT,0.01634856,reward,-0.19000000000060635
time,2018-07-06 21:51:25.637466,free XBT,0.01634864,reward,-0.0799999999995249
time,2018-07-06 21:52:02.023780,free XBT,0.01634861,reward,-0.13999999999916857
time,2018-07-06 21:52:32.340502,free XBT,0.01634864,reward,-0.05000000000143778
time,2018-07-06 21:53:03.729638,free XBT,0.01634864,reward,-0.11000000000108145
time,2018-07-06 21:53:32.024105,free XBT,0.01634862,reward,-0.11999999999928734
time,2018-07-06 21:54:07.199852,free XBT,0.01634855,reward,-0.09999999999940612
time,2018-07-06 21:54:46.959923,free XBT,0.01634693,reward,0.019999999999881224
time,2018-07-06 21:55:22.709026,free XBT,0.01634532,reward,0.29999999999821836
time,2018-07-06 21:56:03.357110,free XBT,0.01634372,reward,0.37999999999774325
time,2018-07-06 21:56:42.550819,free XBT,0.01634197,reward,0.5600000000001437
time,2018-07-06 21:57:19.826506,free XBT,0.01634022,reward,0.7100000000009876
time,2018-07-06 21:57:57.557755,free XBT,0.01633847,reward,0.7100000000009876
time,2018-07-06 21:58:36.854127,free XBT,0.01634547,reward,0.4099999999992998
time,2018-07-06 21:59:17.918198,free XBT,0.01634372,reward,0.5000000000005
time,2018-07-06 22:04:02.011059,free XBT,0.01634673,reward,0.0
time,2018-07-06 22:04:37.167784,free XBT,0.01634673,reward,0.0
time,2018-07-06 22:05:10.818874,free XBT,0.01634673,reward,0.0
time,2018-07-06 22:05:51.321556,free XBT,0.01634673,reward,0.0
time,2018-07-06 22:06:23.210385,free XBT,0.01634673,reward,-0.25000000000025
time,2018-07-06 22:06:55.200723,free XBT,0.0163466,reward,-0.4600000000007376
time,2018-07-06 22:07:26.345722,free XBT,0.01634134,reward,-0.7999999999987184
time,2018-07-06 22:07:56.791706,free XBT,0.01633619,reward,-0.5000000000005
time,2018-07-06 22:08:30.685532,free XBT,0.01633619,reward,-0.32000000000156903
time,2018-07-06 22:08:56.963792,free XBT,0.01633619,reward,-0.5600000000001437
time,2018-07-06 22:09:25.579301,free XBT,0.01633619,reward,-0.6199999999997874
time,2018-07-06 22:09:51.066247,free XBT,0.01634062,reward,-1.109999999998612
time,2018-07-06 22:10:31.439201,free XBT,0.01633536,reward,-1.1699999999982558
time,2018-07-06 22:11:02.184444,free XBT,0.01633003,reward,-1.2300000000013689
time,2018-07-06 22:11:36.877359,free XBT,0.016324830000000002,reward,-1.080000000000525
time,2018-07-06 22:12:09.698739,free XBT,0.016319570000000002,reward,-1.080000000000525
time,2018-07-06 22:12:39.457527,free XBT,0.01631424,reward,-1.2300000000013689
time,2018-07-06 22:13:08.918821,free XBT,0.016309050000000002,reward,-1.4199999999985058
time,2018-07-06 22:13:46.633766,free XBT,0.01630375,reward,-1.5400000000012626
time,2018-07-06 22:14:23.406070,free XBT,0.01629709,reward,-5.700000000000843
time,2018-07-06 22:14:56.545778,free XBT,0.016291820000000002,reward,-5.700000000000843
time,2018-07-06 22:15:30.714521,free XBT,0.01628504,reward,-7.199999999998874
time,2018-07-06 22:16:16.680887,free XBT,0.016282770000000002,reward,-4.879999999998774
time,2018-07-06 22:16:52.734444,free XBT,0.0162768,reward,-5.600000000001437
time,2018-07-06 22:17:41.217994,free XBT,0.0162691,reward,-8.899999999999187
time,2018-07-06 22:18:10.587893,free XBT,0.01626697,reward,-5.749999999998812
time,2018-07-06 22:18:39.668135,free XBT,0.01626053,reward,-7.099999999999468
time,2018-07-06 22:19:15.212013,free XBT,0.01625643,reward,-3.9499999999990933
time,2018-07-06 22:19:44.069017,free XBT,0.01624729,reward,-9.80000000000078
time,2018-07-06 22:20:28.538456,free XBT,0.01624592,reward,-6.789999999999575
time,2018-07-06 22:46:04.377505,free XBT,0.016321060000000002,reward,0.0
time,2018-07-06 22:49:10.217597,free XBT,0.01631203,reward,4.899999999998656
time,2018-07-06 22:49:40.029707,free XBT,0.01631204,reward,4.899999999998656
time,2018-07-06 22:50:10.576571,free XBT,0.016312010000000002,reward,4.8700000000005685
time,2018-07-06 22:50:42.262217,free XBT,0.01631678,reward,3.440000000000387
time,2018-07-06 22:51:11.981880,free XBT,0.016316070000000002,reward,3.440000000000387
time,2018-07-06 22:51:41.944602,free XBT,0.01631633,reward,3.690000000000637
time,2018-07-06 22:52:13.843969,free XBT,0.01630765,reward,3.7900000000000436
time,2018-07-06 22:52:48.462253,free XBT,0.01629867,reward,3.5899999999977616
time,2018-07-06 22:53:21.415387,free XBT,0.01630692,reward,3.619999999999318
time,2018-07-06 22:53:52.382347,free XBT,0.01630692,reward,3.619999999999318
time,2018-07-06 22:54:21.345335,free XBT,0.01630692,reward,3.619999999999318
time,2018-07-06 22:54:51.369487,free XBT,0.01630692,reward,3.619999999999318
time,2018-07-06 22:55:25.419718,free XBT,0.01629814,reward,3.349999999999187
time,2018-07-06 22:56:01.487054,free XBT,0.01628937,reward,3.879999999997774
time,2018-07-06 22:56:35.631212,free XBT,0.01628937,reward,3.4800000000001496
time,2018-07-06 22:57:11.859433,free XBT,0.01629705,reward,2.2600000000004563
time,2018-07-06 22:57:51.896952,free XBT,0.01628828,reward,2.7599999999974867
time,2018-07-06 22:58:29.342314,free XBT,0.01627951,reward,2.2600000000004563
time,2018-07-06 22:59:10.704601,free XBT,0.01627951,reward,2.3099999999984244
time,2018-07-06 22:59:46.185188,free XBT,0.01627951,reward,2.3099999999984244
time,2018-07-06 23:00:22.205640,free XBT,0.01628649,reward,0.17000000000072513
time,2018-07-06 23:00:53.332287,free XBT,0.01628669,reward,0.36999999999953737
time,2018-07-06 23:01:28.469663,free XBT,0.01627792,reward,0.36999999999953737
time,2018-07-06 23:02:07.301540,free XBT,0.01627797,reward,0.4199999999975057
time,2018-07-06 23:05:53.386733,free XBT,0.01631223,reward,0.0
time,2018-07-06 23:06:28.503520,free XBT,0.01631223,reward,0.0
time,2018-07-06 23:07:03.835252,free XBT,0.01631223,reward,0.0
time,2018-07-06 23:07:40.423871,free XBT,0.01631222,reward,0.0
time,2018-07-06 23:08:15.251099,free XBT,0.01631222,reward,-0.3199999999980996
time,2018-07-06 23:08:47.978995,free XBT,0.01631222,reward,-0.21999999999869346
time,2018-07-06 23:09:20.285499,free XBT,0.01630344,reward,-0.16999999999725568
time,2018-07-06 23:09:51.484971,free XBT,0.01629467,reward,-0.5199999999969118
time,2018-07-06 23:10:23.586420,free XBT,0.01629467,reward,-0.5199999999969118
time,2018-07-06 23:10:56.360388,free XBT,0.01629467,reward,-0.06999999999784956
time,2018-07-06 23:11:30.949223,free XBT,0.01629467,reward,0.2300000000003688
time,2018-07-06 23:12:09.145417,free XBT,0.01629467,reward,0.08000000000299434
time,2018-07-06 23:12:44.692264,free XBT,0.01629364,reward,-1.039999999997293
time,2018-07-06 23:13:18.570194,free XBT,0.01628486,reward,-0.8799999999982433
time,2018-07-06 23:13:51.421917,free XBT,0.01628486,reward,-0.27999999999833713
time,2018-07-06 23:14:27.925078,free XBT,0.01630043,reward,-3.019999999999412
time,2018-07-06 23:15:09.164155,free XBT,0.01629167,reward,-3.019999999999412
time,2018-07-06 23:15:43.812186,free XBT,0.0162829,reward,-3.019999999999412
time,2018-07-06 23:16:16.377079,free XBT,0.01628291,reward,-1.9999999999985307
time,2018-07-06 23:16:54.316869,free XBT,0.01628996,reward,-5.619999999997849
time,2018-07-06 23:17:26.902143,free XBT,0.01628996,reward,-6.219999999997755
time,2018-07-06 23:18:00.716537,free XBT,0.01628996,reward,-6.3699999999985994
time,2018-07-06 23:18:35.122335,free XBT,0.01628097,reward,-6.589999999997293
time,2018-07-06 23:19:08.103338,free XBT,0.0162812,reward,-6.989999999998386
time,2018-07-06 23:19:43.820700,free XBT,0.0162812,reward,-6.38999999999848
time,2018-07-06 23:20:21.502061,free XBT,0.01627242,reward,-6.589999999997293
time,2018-07-06 23:20:54.668031,free XBT,0.01627242,reward,-5.189999999998668
time,2018-07-06 23:21:29.370093,free XBT,0.01626364,reward,-4.709999999998049
time,2018-07-06 23:22:04.346462,free XBT,0.01626364,reward,-5.8299999999983365
time,2018-07-06 23:22:35.872594,free XBT,0.01626364,reward,-7.629999999998055
time,2018-07-06 23:23:07.613312,free XBT,0.01626356,reward,-8.229999999997961
time,2018-07-06 23:23:34.389476,free XBT,0.016262350000000002,reward,-9.429999999997774
time,2018-07-06 23:24:03.533516,free XBT,0.01626205,reward,-9.72999999999946
time,2018-07-06 23:24:35.590362,free XBT,0.01626296,reward,-8.829999999997867
time,2018-07-06 23:25:09.047650,free XBT,0.01626265,reward,-9.129999999999555
time,2018-07-06 23:25:40.859157,free XBT,0.01625478,reward,-8.229999999997961
time,2018-07-06 23:26:15.685997,free XBT,0.016245700000000002,reward,-8.52999999999965
time,2018-07-06 23:26:51.559489,free XBT,0.016251830000000002,reward,-10.819999999998192
time,2018-07-06 23:27:29.650902,free XBT,0.0162434,reward,-10.819999999998192
time,2018-07-06 23:28:05.495947,free XBT,0.01624369,reward,-10.519999999999975
time,2018-07-06 23:28:40.114002,free XBT,0.0162443,reward,-9.920000000000067
time,2018-07-06 23:29:16.246691,free XBT,0.01624436,reward,-8.719999999996785
time,2018-07-06 23:29:54.522038,free XBT,0.01623558,reward,-9.61999999999838
time,2018-07-06 23:30:31.622067,free XBT,0.01622519,reward,-12.039999999997885
time,2018-07-06 23:31:10.554395,free XBT,0.01622546,reward,-12.579999999998147
time,2018-07-06 23:31:49.805121,free XBT,0.01622546,reward,-12.579999999998147
time,2018-07-06 23:32:24.293950,free XBT,0.01622626,reward,-12.129999999999086
time,2018-07-06 23:33:02.655063,free XBT,0.01621805,reward,-9.429999999997774
time,2018-07-06 23:33:37.404036,free XBT,0.01620913,reward,-11.680000000000025
time,2018-07-06 23:34:12.423780,free XBT,0.01620914,reward,-11.680000000000025
time,2018-07-06 23:34:49.438679,free XBT,0.01619675,reward,-15.279999999999461
time,2018-07-06 23:35:24.345502,free XBT,0.01621013,reward,-17.73999999999873
time,2018-07-06 23:35:56.288105,free XBT,0.01620163,reward,-17.439999999997042
time,2018-07-06 23:36:28.239404,free XBT,0.01619444,reward,-15.339999999999105
time,2018-07-06 23:36:57.738802,free XBT,0.01620137,reward,-16.709999999999642
time,2018-07-06 23:37:29.321192,free XBT,0.01621426,reward,-20.64999999999706
time,2018-07-06 23:38:05.802482,free XBT,0.01621926,reward,-35.49999999999734
time,2018-07-06 23:38:41.145868,free XBT,0.01621997,reward,-34.79999999999803
time,2018-07-06 23:39:19.219187,free XBT,0.01623555,reward,-35.63999999999998
time,2018-07-06 23:39:48.070330,free XBT,0.01624513,reward,-34.25999999999777
time,2018-07-06 23:40:20.360160,free XBT,0.01624473,reward,-34.65999999999886
time,2018-07-06 23:40:52.965227,free XBT,0.016244540000000002,reward,-34.27999999999764
time,2018-07-06 23:41:33.078722,free XBT,0.01623697,reward,-33.07999999999783
time,2018-07-06 23:42:03.736291,free XBT,0.01622759,reward,-33.67999999999774
time,2018-07-06 23:42:37.145286,free XBT,0.01621897,reward,-33.529999999996896
time,2018-07-06 23:43:06.717867,free XBT,0.01621897,reward,-33.529999999996896
time,2018-07-06 23:43:39.115595,free XBT,0.016210040000000002,reward,-33.67999999999774
time,2018-07-06 23:44:12.057418,free XBT,0.01621003,reward,-33.67999999999774
time,2018-07-06 23:44:45.627742,free XBT,0.01620171,reward,-33.229999999998675
time,2018-07-06 23:45:17.899196,free XBT,0.01620127,reward,-35.14999999999768
time,2018-07-06 23:45:48.783614,free XBT,0.01619972,reward,-36.369999999997376
time,2018-07-06 23:46:21.200763,free XBT,0.01620746,reward,-36.83999999999979
time,2018-07-06 23:46:52.407478,free XBT,0.01619967,reward,-35.83999999999879
time,2018-07-06 23:47:22.702685,free XBT,0.01619988,reward,-35.63999999999998
time,2018-07-06 23:47:57.111196,free XBT,0.01619988,reward,-35.63999999999998
time,2018-07-06 23:48:31.990048,free XBT,0.01621695,reward,-34.399999999996936
time,2018-07-06 23:49:04.832613,free XBT,0.01621691,reward,-34.44999999999837
time,2018-07-06 23:49:41.674143,free XBT,0.01621691,reward,-34.44999999999837
time,2018-07-06 23:50:14.420474,free XBT,0.01620798,reward,-34.59999999999921
time,2018-07-06 23:50:44.772737,free XBT,0.01620798,reward,-34.59999999999921
time,2018-07-06 23:51:21.873277,free XBT,0.01620757,reward,-34.98999999999863
time,2018-07-06 23:51:59.216706,free XBT,0.0162065,reward,-35.50999999999902
time,2018-07-06 23:52:28.096964,free XBT,0.01620618,reward,-36.37999999999905
time,2018-07-06 23:52:58.102441,free XBT,0.01620593,reward,-36.6299999999993
time,2018-07-06 23:53:31.014861,free XBT,0.01621424,reward,-36.54999999999978
time,2018-07-06 23:54:11.403594,free XBT,0.01620545,reward,-36.669999999999064
time,2018-07-06 23:54:48.235282,free XBT,0.01621288,reward,-38.45999999999711
time,2018-07-06 23:55:27.370478,free XBT,0.01620106,reward,-43.22000000000006
time,2018-07-06 23:56:01.014084,free XBT,0.016217370000000002,reward,-45.369999999999436
time,2018-07-06 23:56:30.286502,free XBT,0.01621905,reward,-43.36999999999744
time,2018-07-07 00:43:28.778815,free XBT,0.01626949,reward,0.0
time,2018-07-07 00:43:56.897712,free XBT,0.01626949,reward,0.0
time,2018-07-07 00:44:24.449486,free XBT,0.01626949,reward,0.0
time,2018-07-07 00:44:53.601191,free XBT,0.01626949,reward,0.0
time,2018-07-07 00:45:21.548775,free XBT,0.01626878,reward,-1.2700000000011313
time,2018-07-07 00:45:54.915334,free XBT,0.016268480000000002,reward,-1.5699999999993497
time,2018-07-07 00:46:27.627588,free XBT,0.016260010000000002,reward,-1.2700000000011313
time,2018-07-07 00:47:00.679289,free XBT,0.01625104,reward,-1.4699999999999436
time,2018-07-07 00:47:32.276738,free XBT,0.01625129,reward,-1.2199999999996936
time,2018-07-07 00:48:01.159335,free XBT,0.01625918,reward,-1.5400000000012626
time,2018-07-07 00:48:30.245341,free XBT,0.01625917,reward,-1.9600000000022377
time,2018-07-07 00:48:58.833579,free XBT,0.01625917,reward,-1.8100000000013938
time,2018-07-07 00:49:27.461874,free XBT,0.01625917,reward,-1.8100000000013938
time,2018-07-07 00:49:55.294557,free XBT,0.01625917,reward,-1.8100000000013938
time,2018-07-07 00:50:27.704655,free XBT,0.01625917,reward,-1.6099999999991121
time,2018-07-07 00:50:58.545177,free XBT,0.0162504,reward,-1.4100000000003
time,2018-07-07 00:51:25.985359,free XBT,0.01625804,reward,-3.8000000000017184
time,2018-07-07 00:51:52.263621,free XBT,0.01625728,reward,-4.000000000000531
time,2018-07-07 00:52:20.669065,free XBT,0.01625685,reward,-5.020000000001412
time,2018-07-07 00:52:50.560459,free XBT,0.01624838,reward,-4.719999999999724
time,2018-07-07 00:53:22.721572,free XBT,0.016248580000000002,reward,-4.520000000000913
time,2018-07-07 00:53:50.453646,free XBT,0.01624827,reward,-4.819999999999131
time,2018-07-07 00:54:19.378393,free XBT,0.01624838,reward,-4.719999999999724
time,2018-07-07 00:54:47.793744,free XBT,0.01624828,reward,-4.819999999999131
time,2018-07-07 00:55:15.358138,free XBT,0.01624807,reward,-5.020000000001412
time,2018-07-07 00:55:46.449266,free XBT,0.01624818,reward,-4.920000000002006
time,2018-07-07 00:56:14.177303,free XBT,0.01624818,reward,-4.920000000002006
time,2018-07-07 00:56:41.861246,free XBT,0.01624787,reward,-5.2200000000002245
time,2018-07-07 00:57:12.198690,free XBT,0.01624787,reward,-5.2200000000002245
time,2018-07-07 00:57:39.790005,free XBT,0.016248580000000002,reward,-4.520000000000913
time,2018-07-07 00:58:10.110411,free XBT,0.01624828,reward,-4.819999999999131
time,2018-07-07 00:58:39.380034,free XBT,0.01624868,reward,-4.420000000001506
time,2018-07-07 00:59:13.018971,free XBT,0.01624787,reward,-5.2200000000002245
time,2018-07-07 00:59:40.354535,free XBT,0.01624818,reward,-4.920000000002006
time,2018-07-07 01:00:08.274332,free XBT,0.01624868,reward,-4.420000000001506
time,2018-07-07 01:00:35.683200,free XBT,0.01624798,reward,-5.120000000000818
time,2018-07-07 01:01:04.601724,free XBT,0.01624798,reward,-5.120000000000818
time,2018-07-07 01:01:34.450441,free XBT,0.01624798,reward,-5.120000000000818
time,2018-07-07 01:02:03.223770,free XBT,0.01624798,reward,-6.240000000001106
time,2018-07-07 01:13:01.040800,free XBT,0.016262,reward,0.0
time,2018-07-07 01:13:28.203659,free XBT,0.016262,reward,0.0
time,2018-07-07 01:13:58.383775,free XBT,0.016262,reward,0.0
time,2018-07-07 01:14:27.630190,free XBT,0.016262,reward,0.0
time,2018-07-07 01:14:54.006900,free XBT,0.016262,reward,0.0
time,2018-07-07 01:15:21.327607,free XBT,0.016262,reward,0.0
time,2018-07-07 01:15:49.501189,free XBT,0.01625323,reward,0.0
time,2018-07-07 01:16:18.968297,free XBT,0.01624446,reward,0.0
time,2018-07-07 01:16:53.801884,free XBT,0.01624446,reward,0.0
time,2018-07-07 01:17:21.694318,free XBT,0.01624446,reward,-0.32000000000156903
time,2018-07-07 01:17:53.124099,free XBT,0.01624446,reward,-0.2399999999985747
time,2018-07-07 01:18:28.836970,free XBT,0.0162442,reward,-1.9599999999987683
time,2018-07-07 01:18:59.023155,free XBT,0.01624446,reward,-0.759999999998956
time,2018-07-07 01:19:30.917401,free XBT,0.0162436,reward,-2.5599999999986744
time,2018-07-07 01:20:03.670333,free XBT,0.016243,reward,-3.159999999998581
time,2018-07-07 01:20:41.207074,free XBT,0.01624231,reward,-3.2800000000013374
time,2018-07-07 01:21:12.000115,free XBT,0.01624232,reward,-3.2800000000013374
time,2018-07-07 01:21:41.365380,free XBT,0.01624959,reward,-4.199999999999343
time,2018-07-07 01:22:13.549288,free XBT,0.01624958,reward,-4.199999999999343
time,2018-07-07 01:22:44.319670,free XBT,0.01624112,reward,-3.900000000001125
time,2018-07-07 01:23:17.947313,free XBT,0.016231930000000002,reward,-4.299999999998749
time,2018-07-07 01:23:50.906284,free XBT,0.01622306,reward,-4.400000000001625
time,2018-07-07 01:24:20.566756,free XBT,0.01621388,reward,-5.939999999999418
time,2018-07-07 01:24:50.331725,free XBT,0.01620172,reward,-11.62000000000038
time,2018-07-07 01:25:22.688500,free XBT,0.016193990000000002,reward,-10.57000000000141
time,2018-07-07 01:25:51.906210,free XBT,0.01618687,reward,-9.490000000000887
time,2018-07-07 01:26:22.158016,free XBT,0.0161761,reward,-12.260000000000048
time,2018-07-07 01:26:50.582207,free XBT,0.01616802,reward,-11.359999999998454
time,2018-07-07 01:27:21.186236,free XBT,0.01615916,reward,-13.369999999998662
time,2018-07-07 01:27:50.351355,free XBT,0.01614838,reward,-15.16999999999838
time,2018-07-07 01:28:18.904398,free XBT,0.0161438,reward,-10.969999999999036
time,2018-07-07 01:28:49.000809,free XBT,0.01613562,reward,-10.36999999999913
time,2018-07-07 01:29:19.691486,free XBT,0.01612624,reward,-10.969999999999036
time,2018-07-07 01:29:47.806420,free XBT,0.01611748,reward,-11.390000000000011
time,2018-07-07 01:30:17.208910,free XBT,0.0161063,reward,-16.789999999999168
time,2018-07-07 01:30:47.887382,free XBT,0.0160975,reward,-16.789999999999168
time,2018-07-07 01:31:16.662662,free XBT,0.01608872,reward,-16.789999999999168
time,2018-07-07 01:31:45.526712,free XBT,0.01607994,reward,-16.789999999999168
time,2018-07-07 01:32:18.394403,free XBT,0.01607296,reward,-14.989999999999448
time,2018-07-07 01:32:46.701553,free XBT,0.01606568,reward,-12.290000000001605
time,2018-07-07 01:52:44.485094,free XBT,0.01623083,reward,0.0
time,2018-07-07 01:53:25.655903,free XBT,0.01623083,reward,0.0
time,2018-07-07 01:54:05.456244,free XBT,0.016222050000000002,reward,0.0
time,2018-07-07 01:54:45.643780,free XBT,0.01621328,reward,0.0
time,2018-07-07 01:55:26.455531,free XBT,0.0162045,reward,0.0
time,2018-07-07 01:56:06.855964,free XBT,0.0162045,reward,0.0
time,2018-07-07 01:56:45.082019,free XBT,0.0162045,reward,0.0
time,2018-07-07 01:57:24.387901,free XBT,0.0162045,reward,0.0
time,2018-07-07 01:58:05.406307,free XBT,0.0162045,reward,0.2300000000003688
time,2018-07-07 01:58:45.629566,free XBT,0.01619572,reward,-1.9300000000006812
time,2018-07-07 01:59:25.241798,free XBT,0.01619569,reward,-2.850000000002156
time,2018-07-07 02:00:05.726109,free XBT,0.01618696,reward,-1.3500000000006562
time,2018-07-07 02:00:44.710528,free XBT,0.01618696,reward,-2.850000000002156
time,2018-07-07 02:01:26.082026,free XBT,0.01618696,reward,-0.34999999999965614
time,2018-07-07 02:02:08.204000,free XBT,0.01619453,reward,-1.4699999999999436
time,2018-07-07 02:02:52.566990,free XBT,0.01618577,reward,-1.7900000000015126
time,2018-07-07 02:03:34.680570,free XBT,0.01617699,reward,-2.2100000000024878
time,2018-07-07 02:04:15.329363,free XBT,0.01616821,reward,-1.6800000000004311
time,2018-07-07 02:04:54.946196,free XBT,0.01615944,reward,-2.1500000000028443
time,2018-07-07 02:05:39.228995,free XBT,0.01615067,reward,-1.3700000000005375
time,2018-07-07 02:06:20.021710,free XBT,0.0161419,reward,-2.390000000001419
time,2018-07-07 02:07:00.558527,free XBT,0.01613312,reward,1.339999999998981
time,2018-07-07 02:07:40.417832,free XBT,0.01612434,reward,0.36999999999953737
time,2018-07-07 02:08:19.905498,free XBT,0.01611558,reward,0.5000000000005
time,2018-07-07 02:09:00.944329,free XBT,0.0161068,reward,6.22999999999943
time,2018-07-07 02:09:40.813913,free XBT,0.01609803,reward,6.009999999997268
time,2018-07-07 02:10:22.206334,free XBT,0.01608925,reward,-5.230000000001899
time,2018-07-07 02:11:02.409731,free XBT,0.01608048,reward,-3.4500000000020625
time,2018-07-07 02:11:42.306544,free XBT,0.0160717,reward,-10.019999999999474
time,2018-07-07 02:12:22.260213,free XBT,0.01606292,reward,-8.290000000001074
time,2018-07-07 02:13:00.414296,free XBT,0.01606292,reward,-8.290000000001074
time,2018-07-07 02:13:42.813273,free XBT,0.01607068,reward,10.039999999999354
time,2018-07-07 02:14:20.945394,free XBT,0.01609422,reward,-2.6699999999997557
time,2018-07-07 02:15:01.026093,free XBT,0.01609422,reward,2.1299999999994936
time,2018-07-07 02:15:40.126782,free XBT,0.01609422,reward,-5.870000000001569
time,2018-07-07 02:16:18.379466,free XBT,0.01609422,reward,-5.07000000000285
time,2018-07-07 02:16:57.542323,free XBT,0.01609422,reward,2.929999999998212
